file_name,functionVerified,function_name,function_line,error
 cmdline.c, cmdline_get_passwd_input, cmdline_get_passwd_input ,.c line 96 ,dereference failure: invalid pointer
 cmdline.c, cmdline_host_ok, cmdline_host_ok , 112 ,assertion cmdline_tooltype & TOOLTYPE_HOST_ARG
 cmdline.c, cmdline_process_param, strlen , 78 ,dereference failure: invalid pointer
 cmdline.c, cmdline_save_param, cmdline_save_param , 100 ,array bounds violated: array `saves' lower bound
 ldisc.c, bsb, seat_output , 1416 ,dereference failure: invalid pointer
 ldisc.c, c_write, c_write , 80 ,dereference failure: invalid pointer
 ldisc.c, char_start, char_start , 118 ,dereference failure: invalid pointer
 ldisc.c, ldisc_configure, ldisc_configure , 169 ,dereference failure: invalid pointer
 ldisc.c, ldisc_create, backend_provide_ldisc , 839 ,dereference failure: invalid pointer
 ldisc.c, ldisc_echoedit_update, backend_ldisc_option_state , 837 ,dereference failure: invalid pointer
 ldisc.c, ldisc_enable_prompt_callback, ldisc_enable_prompt_callback , 205 ,dereference failure: invalid pointer
 ldisc.c, ldisc_input_queue_callback, ldisc_input_queue_callback , 219 ,dereference failure: invalid pointer
 ldisc.c, ldisc_to_backend_raw, backend_sendok , 835 ,dereference failure: invalid pointer
 ldisc.c, plen, in_utf , 434 ,dereference failure: invalid pointer
 x11disp.c, x11_free_display, x11_free_display , 17 ,dereference failure: invalid pointer
 x11disp.c, x11_setup_display, x11_setup_display , 74 ,dereference failure: invalid pointer
 import.c, BinarySink_put_ber_id_len, BinarySink_put_ber_id_len , 92 ,dereference failure: invalid pointer
 import.c, BinarySink_put_mp_ssh2_from_string, BinarySink_put_mp_ssh2_from_string , 324 ,dereference failure: invalid pointer
 import.c, BinarySink_put_mp_sshcom_from_string, BinarySink_put_mp_sshcom_from_string , 96 ,dereference failure: invalid pointer
 import.c, BinarySource_get_ber, BinarySource_get_ber , 285 ,dereference failure: invalid pointer
 import.c, BinarySource_get_mp_sshcom_as_string, BinarySource_get_mp_sshcom_as_string , 291 ,dereference failure: invalid pointer
 import.c, bsgetline, bsgetline , 303 ,dereference failure: invalid pointer
 import.c, openssh_new_write, ssh_cipher_setkey , 690 ,dereference failure: invalid pointer
 import.c, openssh_pem_derivekey, ssh_hash_final , 804 ,dereference failure: invalid pointer
 logging.c, log_free, logfclose , 197 ,dereference failure: invalid pointer
 logging.c, log_get_policy, log_get_policy , 86 ,dereference failure: invalid pointer
 logging.c, log_init, log_init , 404 ,dereference failure: invalid pointer
 logging.c, logflush, logflush , 79 ,dereference failure: invalid pointer
 errsock.c, new_error_socket_consume_string, new_error_socket_consume_string , 58 ,dereference failure: invalid pointer
 errsock.c, sk_error_plug, sk_error_plug , 22 ,dereference failure: invalid pointer
 errsock.c, sk_error_socket_error, sk_error_socket_error , 39 ,dereference failure: invalid pointer
 psftp.c, bare_name_compare, bare_name_compare , 225 ,dereference failure: invalid pointer
 psftp.c, list_directory_from_sftp_print, list_directory_from_sftp_print , 84 ,dereference failure: invalid pointer
 psftp.c, psftp_connect, psftp_connect , 2605 ,dereference failure: invalid pointer
 psftp.c, psftp_output, psftp_output , 141 ,dereference failure: NULL pointer
 psftp.c, sftp_action_chmod, sftp_action_chmod , 1672 ,dereference failure: invalid pointer
 psftp.c, sftp_cmd_free, sftp_cmd_free , 2328 ,dereference failure: invalid pointer
 psftp.c, sftp_cmd_help, sftp_cmd_help , 2158 ,dereference failure: invalid pointer
 psftp.c, sftp_cmd_lcd, sftp_cmd_lcd , 1856 ,dereference failure: invalid pointer
 psftp.c, sftp_cmd_open, sftp_cmd_open , 1830 ,dereference failure: invalid pointer
 psftp.c, sftp_cmd_pling, sftp_cmd_pling , 1890 ,dereference failure: invalid pointer
 psftp.c, sftp_cmd_unknown, sftp_cmd_unknown , 1003 ,dereference failure: invalid pointer
 psftp.c, sftp_finish_wildcard_matching, sftp_finish_wildcard_matching , 915 ,dereference failure: invalid pointer
 psftp.c, sftp_getcmd, sftp_getcmd , 2213 ,dereference failure: invalid pointer
 psftp.c, sftp_put_file, sftp_put_file , 586 ,dereference failure: invalid pointer
 psftp.c, sftp_recvdata, backend_exitcode , 833 ,dereference failure: NULL pointer
 psftp.c, sftp_sendbuffer, backend_sendbuffer , 822 ,dereference failure: NULL pointer
 psftp.c, sftp_senddata, backend_send , 820 ,dereference failure: NULL pointer
 psftp.c, sftp_wildcard_get_filename, sftp_wildcard_get_filename , 850 ,dereference failure: invalid pointer
 pageant.c, findpubkey1, ptrlen_from_strbuf , 201 ,dereference failure: invalid pointer
 pageant.c, findpubkey2, ssh_key_free , 902 ,dereference failure: invalid pointer
 pageant.c, immop_coroutine, pageant_async_op_unlink , 77 ,dereference failure: invalid pointer
 pageant.c, immop_free, immop_free , 864 ,dereference failure: invalid pointer
 pageant.c, internal_client_got_response, internal_client_got_response , 1971 ,dereference failure: invalid pointer
 pageant.c, makeblob2base, ssh_key_public_blob , 911 ,dereference failure: invalid pointer
 pageant.c, pageant_add_keyfile, pageant_add_keyfile , 2202 ,dereference failure: invalid pointer
 pageant.c, pageant_async_op_callback, pageant_async_op_coroutine , 68 ,dereference failure: invalid pointer
 pageant.c, pageant_async_op_free, pageant_async_op_free , 72 ,dereference failure: invalid pointer
 pageant.c, pageant_async_op_unlink, pageant_async_op_unlink , 76 ,dereference failure: invalid pointer
 pageant.c, pageant_client_op_free, pageant_client_op_free , 2008 ,dereference failure: invalid pointer
 pageant.c, pageant_client_op_new, pageant_client_op_new , 1999 ,dereference failure: invalid pointer
 pageant.c, pageant_conn_ask_passphrase, pageant_conn_ask_passphrase , 1785 ,dereference failure: invalid pointer
 pageant.c, pageant_conn_got_response, pageant_conn_got_response , 1774 ,dereference failure: invalid pointer
 pageant.c, pageant_listener_free, sk_close , 239 ,dereference failure: invalid pointer
 pageant.c, pageant_listener_got_socket, pageant_listener_got_socket , 1944 ,dereference failure: invalid pointer
 pageant.c, pageant_listener_new, pageant_listener_new , 1934 ,dereference failure: invalid pointer
 pageant.c, pageant_nth_pubkey, pageant_nth_pubkey , 1627 ,dereference failure: invalid pointer
 pageant.c, pageant_register_client, pageant_register_client , 578 ,dereference failure: invalid pointer
 pageant.c, pk_pub_free, pk_pub_free , 232 ,dereference failure: invalid pointer
 pageant.c, privkey_cmpfn, privkey_cmpfn , 126 ,dereference failure: invalid pointer
 pageant.c, request_passphrase, request_passphrase , 657 ,dereference failure: invalid pointer
 pageant.c, signop_free, signop_free , 651 ,dereference failure: invalid pointer
 pageant.c, unblock_requests_for_key, unblock_requests_for_key , 764 ,dereference failure: invalid pointer
 timing.c, compare_timer_contexts, compare_timer_contexts , 93 ,Same object violation
 timing.c, compare_timers, compare_timers , 51 ,dereference failure: invalid pointer
 timing.c, run_timers, run_timers , 202 ,dereference failure: invalid pointer
 timing.c, schedule_timer, schedule_timer , 128 ,dereference failure: invalid pointer
 callback.c, queue_idempotent_callback, queue_idempotent_callback , 38 ,dereference failure: invalid pointer
 callback.c, run_idempotent_callback, run_idempotent_callback , 32 ,dereference failure: invalid pointer
 sshpubk.c, expect_signature, expect_signature , 283 ,dereference failure: invalid pointer
 sshpubk.c, key_type_s, key_type_s_internal , 280 ,dereference failure: invalid pointer
 sshpubk.c, lf_free, lf_free , 59 ,dereference failure: invalid pointer
 sshpubk.c, ppk_encrypted_f, read_header , 482 ,dereference failure: invalid pointer
 sshpubk.c, ppk_loadpub_f, BinarySource_INIT__ , 253 ,dereference failure: invalid pointer
 sshpubk.c, ppk_save_sb, ppk_save_sb , 1467 ,dereference failure: invalid pointer
 sshpubk.c, read_body, read_body , 508 ,dereference failure: invalid pointer
 sshpubk.c, read_header, read_header , 493 ,dereference failure: invalid pointer
 sshpubk.c, rsa1_load_f, rsa1_load_s_internal , 206 ,dereference failure: invalid pointer
 sshpubk.c, rsa1_load_s, rsa1_load_s_internal , 159 ,dereference failure: invalid pointer
 sshpubk.c, rsa1_save_f, rsa1_save_sb , 405 ,dereference failure: invalid pointer
 sshpubk.c, ssh1_pubkey_str, ssh1_pubkey_str , 1601 ,dereference failure: invalid pointer
 sshpubk.c, str_to_uint32_t, str_to_uint32_t , 704 ,dereference failure: invalid pointer
 sshpubk.c, userkey_parse_line_counter, userkey_parse_line_counter , 693 ,dereference failure: invalid pointer
 settings.c, backend_vt_from_proto, backend_vt_from_proto , 108 ,dereference failure: invalid pointer
 settings.c, get_remote_username, get_remote_username , 116 ,dereference failure: invalid pointer
 settings.c, get_sesslist, get_sesslist , 1352 ,dereference failure: invalid pointer
 settings.c, gppmap, gppmap , 251 ,dereference failure: NULL pointer
 settings.c, gprefs, gprefs_from_str , 372 ,dereference failure: invalid pointer
 settings.c, key2val, key2val , 338 ,dereference failure: invalid pointer
 settings.c, val2key, val2key , 347 ,dereference failure: invalid pointer
 cmdgen.c, main, main , 289 ,dereference failure: array bounds violated
 psocks.c, pds_stdio, pds_stdio , 561 ,dereference failure: invalid pointer
 psocks.c, psocks_cmdline, psocks_cmdline , 495 ,dereference failure: invalid pointer
 psocks.c, psocks_conn_log_data, psocks_conn_log_data , 127 ,dereference failure: invalid pointer
 psocks.c, psocks_free, psocks_free , 417 ,dereference failure: invalid pointer
 psocks.c, psocks_new, psocks_new , 400 ,dereference failure: invalid pointer
 psocks.c, psocks_plug_sent, psocks_plug_sent , 392 ,dereference failure: invalid pointer
 psocks.c, psocks_sc_initiate_close, psocks_sc_initiate_close , 312 ,dereference failure: invalid pointer
 psocks.c, psocks_sc_unthrottle, sk_set_frozen , 292 ,dereference failure: invalid pointer
 psocks.c, psocks_sc_write, psocks_sc_write , 281 ,dereference failure: invalid pointer
 psocks.c, psocks_start, psocks_start , 509 ,dereference failure: invalid pointer
 psocks.c, stdio_free, stdio_free , 551 ,dereference failure: invalid pointer
 dialog.c, ctrl_alloc, ctrl_alloc_with_free , 192 ,dereference failure: invalid pointer
 dialog.c, ctrl_find_path, ctrl_path_compare , 31 ,dereference failure: invalid pointer
 dialog.c, ctrl_find_set, ctrl_find_set , 94 ,dereference failure: invalid pointer
 dialog.c, ctrl_new, ctrl_new , 217 ,dereference failure: invalid pointer
 dialog.c, ctrl_new_box, ctrl_new_box , 46 ,dereference failure: invalid pointer
 dialog.c, ctrl_path_elements, ctrl_path_elements , 19 ,dereference failure: invalid pointer
 sshrand.c, random_get_savedata, random_get_savedata , 14 ,dereference failure: NULL pointer
 psftpcommon.c, list_directory_from_sftp_feed, list_directory_from_sftp_feed , 53 ,dereference failure: invalid pointer
 psftpcommon.c, list_directory_from_sftp_free, list_directory_from_sftp_free , 44 ,dereference failure: invalid pointer
 cgtest.c, get_random_data_diagnostic, __memset_impl , 273 ,dereference failure: invalid pointer
 pscp.c, colon, colon , 545 ,dereference failure: invalid pointer
 pscp.c, is_dots, strspn , 163 ,dereference failure: invalid pointer
 pscp.c, list_directory_from_sftp_print, list_directory_from_sftp_print , 261 ,dereference failure: invalid pointer
 pscp.c, print_stats, print_stats , 533 ,dereference failure: invalid pointer freed
 config.c, charclass_handler, charclass_handler , 961 ,dereference failure: invalid pointer
 config.c, colour_handler, colour_handler , 1010 ,dereference failure: invalid pointer
 config.c, conf_editbox_handler, conf_editbox_handler , 123 ,dereference failure: invalid pointer
 config.c, conf_filesel_handler, conf_filesel_handler , 155 ,dereference failure: invalid pointer
 config.c, conf_fontsel_handler, conf_fontsel_handler , 171 ,dereference failure: invalid pointer
 config.c, config_protocols_handler, config_protocols_handler , 350 ,dereference failure: invalid pointer
 config.c, environ_handler, environ_handler , 1204 ,dereference failure: invalid pointer
 config.c, load_selected_session, load_selected_session , 797 ,dereference failure: invalid pointer
 config.c, loggingbuttons_handler, loggingbuttons_handler , 433 ,dereference failure: invalid pointer
 config.c, manual_hostkey_handler, manual_hostkey_handler , 1444 ,dereference failure: invalid pointer
 config.c, portfwd_handler, portfwd_handler , 1280 ,dereference failure: invalid pointer
 config.c, proxy_type_handler, proxy_type_handler , 1746 ,dereference failure: invalid pointer
 config.c, serial_flow_handler, serial_flow_handler , 1671 ,dereference failure: invalid pointer
 config.c, serial_parity_handler, serial_parity_handler , 1617 ,dereference failure: invalid pointer
 config.c, sshbug_handler, sshbug_handler , 719 ,dereference failure: invalid pointer
 config.c, sshbug_handler_manual_only, sshbug_handler_manual_only , 752 ,dereference failure: invalid pointer
 config.c, ttymodes_handler, ttymodes_handler , 1119 ,dereference failure: invalid pointer
 pinger.c, pinger_reconfig, pinger_reconfig , 63 ,dereference failure: invalid pointer
 pinger.c, pinger_timer, pinger_timer , 21 ,dereference failure: invalid pointer
 test/testzlib.c, main, main , 42 ,dereference failure: array bounds violated
 test/fuzzterm.c, main, main , 30 ,dereference failure: invalid pointer
 test/fuzzterm.c, fuzz_draw_cursor, fuzz_draw_cursor , 65 ,dereference failure: invalid pointer
 test/testcrypt.c, add_finaliser, add_finaliser , 305 ,dereference failure: invalid pointer
 test/testcrypt.c, ecdh_key_getkey_wrapper, ecdh_key_getkey , 992 ,dereference failure: invalid pointer
 test/testcrypt.c, finaliser_return_opt_string_asciz, finaliser_return_opt_string_asciz , 460 ,dereference failure: invalid pointer
 test/testcrypt.c, finaliser_return_opt_string_asciz_const, finaliser_return_opt_string_asciz_const , 479 ,dereference failure: invalid pointer
 test/testcrypt.c, finaliser_return_uint, finaliser_return_uint , 151 ,dereference failure: invalid pointer
 test/testcrypt.c, finaliser_return_value, finaliser_return_value , 143 ,dereference failure: invalid pointer
 test/testcrypt.c, free_value, primegen_free_context , 277 ,dereference failure: invalid pointer
 test/testcrypt.c, get_boolean, get_word , 199 ,dereference failure: invalid pointer
 test/testcrypt.c, get_out_opt_val_string_asciz, get_out_opt_val_string_asciz , 471 ,dereference failure: invalid pointer
 test/testcrypt.c, get_out_opt_val_string_asciz_const, get_out_opt_val_string_asciz_const , 490 ,dereference failure: invalid pointer
 test/testcrypt.c, int16_list_resize, int16_list_resize , 16 ,dereference failure: invalid pointer
 test/testcrypt.c, key_components_count, key_components_count , 1281 ,dereference failure: invalid pointer
 test/testcrypt.c, key_components_nth_mp, key_components_nth_mp , 1300 ,dereference failure: invalid pointer
 test/testcrypt.c, key_components_nth_name, key_components_nth_name , 1284 ,dereference failure: invalid pointer
 test/testcrypt.c, make_int16_list, make_int16_list , 407 ,dereference failure: invalid pointer
 test/testcrypt.c, ntru_encode_schedule_wrapper, ntru_encode_schedule_wrapper , 977 ,dereference failure: invalid pointer
 test/testcrypt.c, ntru_encode_wrapper, ntru_encode_wrapper , 983 ,dereference failure: invalid pointer
 test/testcrypt.c, ntru_pubkey_wrapper, memcpy , 264 ,dereference failure: invalid pointer
 test/testcrypt.c, ppk_load_s_wrapper, ppk_load_s_wrapper , 1180 ,dereference failure: invalid pointer
 test/testcrypt.c, return_int16_list, return_int16_list , 424 ,dereference failure: invalid pointer
 test/testcrypt.c, rsa1_generate, rsa1_generate , 1244 ,dereference failure: invalid pointer
 test/testcrypt.c, rsa1_load_s_wrapper, rsa1_load_s_wrapper , 1189 ,dereference failure: invalid pointer
 test/testcrypt.c, rsa1_save_sb_wrapper, rsa1_save_sb_wrapper , 1223 ,dereference failure: invalid pointer
 test/testcrypt.c, rsa_ssh1_encrypt_wrapper, rsa_ssh1_encrypt_wrapper , 136 ,dereference failure: invalid pointer
 test/testcrypt.c, ssh2_mac_genresult_wrapper, ssh2_mac_alg , 750 ,dereference failure: invalid pointer
 test/testcrypt.c, ssh_hash_digest_wrapper, ssh_hash_alg , 793 ,dereference failure: invalid pointer
 test/testcrypt.c, ssh_key_base_key_wrapper, ssh_key_base_key , 923 ,dereference failure: invalid pointer
 test/testcrypt.c, valuecmp, valuecmp , 153 ,dereference failure: invalid pointer
 test/testcrypt.c, valuefind, valuefind , 160 ,dereference failure: invalid pointer
 test/testsc.c, main, main , 1760 ,dereference failure: array bounds violated
 test/testsc.c, random_advance_counter, ssh_hash_reset , 798 ,dereference failure: NULL pointer
 test/testsc.c, test_cipher, ssh_cipher_new , 684 ,dereference failure: invalid pointer
 test/testsc.c, test_mac_aesgcm_sw_refpoly, ssh_cipher_free , 686 ,dereference failure: invalid pointer
 test/testsc.c, test_mp_cmp, test_mp_cmp , 530 ,dereference failure: invalid pointer
 test/testsc.c, test_mp_string_format, test_mp_string_format , 501 ,dereference failure: invalid pointer
 stubs/no-print.c, printer_start_enum, printer_start_enum , 29 ,dereference failure: invalid pointer
 stubs/null-key.c, nullkey_alternate_ssh_id, nullkey_alternate_ssh_id , 12 ,dereference failure: invalid pointer
 charset/toucs.c, unicode_emit, unicode_emit , 40 ,dereference failure: invalid pointer
 charset/localenc.c, charset_from_localenc, charset_from_localenc , 105 ,dereference failure: invalid pointer
 charset/mimeenc.c, charset_from_mimeenc, charset_from_mimeenc , 209 ,dereference failure: invalid pointer
 charset/sbcs.c, write_sbcs, write_sbcs , 52 ,dereference failure: invalid pointer
 charset/utf8.c, write_utf8, write_utf8 , 198 ,dereference failure: invalid pointer
 unix/network.c, cmpforsearch, cmpforsearch , 162 ,dereference failure: invalid pointer
 unix/network.c, cmpfortree, cmpfortree , 152 ,Same object violation
 unix/network.c, get_hostname, get_hostname , 1604 ,dereference failure: invalid pointer
 unix/network.c, net_select_result, net_select_result , 1400 ,dereference failure: invalid pointer
 unix/network.c, net_service_lookup, net_service_lookup , 1593 ,dereference failure: invalid pointer
 unix/network.c, sk_addr_dup, sk_addr_dup , 473 ,dereference failure: invalid pointer
 unix/network.c, sk_addr_error, sk_addr_error , 1480 ,dereference failure: invalid pointer
 unix/network.c, sk_addr_needs_port, sk_addr_needs_port , 360 ,dereference failure: invalid pointer
 unix/network.c, sk_address_is_local, sk_address_is_local , 396 ,dereference failure: invalid pointer
 unix/network.c, sk_address_is_special_local, sk_address_is_special_local , 416 ,dereference failure: invalid pointer
 unix/network.c, sk_addrtype, sk_addrtype , 134 ,dereference failure: invalid pointer
 unix/network.c, sk_extractaddr_tmp, sk_extractaddr_tmp , 343 ,dereference failure: invalid pointer
 unix/network.c, sk_getaddr, sk_getaddr , 313 ,dereference failure: invalid pointer
 unix/network.c, sk_getxdmdata, sk_getxdmdata , 1058 ,dereference failure: invalid pointer
 unix/network.c, sk_net_accept, sk_net_accept , 514 ,dereference failure: invalid pointer
 unix/network.c, sk_net_get_fd, sk_net_get_fd , 1564 ,dereference failure: invalid pointer
 unix/network.c, sk_net_peer_info, sk_net_peer_info , 1507 ,dereference failure: invalid pointer
 unix/network.c, sk_net_plug, sk_net_plug , 480 ,dereference failure: invalid pointer
 unix/network.c, sk_net_set_frozen, sk_net_set_frozen , 1491 ,dereference failure: invalid pointer
 unix/network.c, sk_net_socket_error, sk_net_socket_error , 1485 ,dereference failure: invalid pointer
 unix/network.c, sk_newlistener, sk_newlistener , 814 ,dereference failure: invalid pointer
 unix/network.c, sockaddr_is_loopback, sockaddr_is_loopback , 45 ,dereference failure: invalid pointer
 unix/network.c, try_connect, plug_log , 249 ,dereference failure: invalid pointer
 unix/network.c, try_send, memmove , 293 ,dereference failure: invalid pointer
 unix/network.c, uxsel_tell, uxsel_tell , 1573 ,dereference failure: invalid pointer
 unix/pty.c, copy_ttymodes_into_termios, copy_ttymodes_into_termios , 830 ,dereference failure: invalid pointer
 unix/pty.c, new_pty_struct, new_pty_struct , 423 ,dereference failure: invalid pointer
 unix/pty.c, pty_backend_create, seat_set_trust_status , 1472 ,dereference failure: invalid pointer
 unix/pty.c, pty_backend_exit_signame, pty_backend_exit_signame , 1567 ,dereference failure: invalid pointer
 unix/pty.c, pty_backend_exit_signum, pty_backend_exit_signum , 1559 ,dereference failure: invalid pointer
 unix/pty.c, pty_close, pty_close , 1396 ,dereference failure: invalid pointer
 unix/pty.c, pty_compare_by_pid, pty_compare_by_pid , 132 ,dereference failure: invalid pointer
 unix/pty.c, pty_exitcode, pty_exitcode , 1547 ,dereference failure: invalid pointer
 unix/pty.c, pty_open_slave, pty_open_slave , 306 ,dereference failure: invalid pointer
 unix/pty.c, pty_real_select_result, pty_real_select_result , 15 ,dereference failure: invalid pointer
 unix/pty.c, pty_reconfig, pty_reconfig , 1307 ,dereference failure: invalid pointer
 unix/pty.c, pty_select_result, pty_real_select_result , 614 ,dereference failure: invalid pointer
 unix/pty.c, pty_send, pty_send , 1385 ,dereference failure: invalid pointer
 unix/pty.c, pty_special, pty_special , 1488 ,dereference failure: invalid pointer
 unix/pty.c, pty_unthrottle, pty_unthrottle , 1528 ,dereference failure: invalid pointer
 unix/pty.c, pty_uxsel_setup, pty_uxsel_setup , 811 ,dereference failure: invalid pointer
 unix/pty.c, pty_uxsel_setup_fd, pty_uxsel_setup_fd , 788 ,dereference failure: invalid pointer
 unix/pty.c, ptyfd_find, ptyfd_find , 109 ,dereference failure: invalid pointer
 unix/uxsel.c, first_fd, first_fd , 110 ,dereference failure: invalid pointer
 unix/uxsel.c, uxsel_del, uxsel_del , 85 ,dereference failure: invalid pointer
 unix/uxsel.c, uxsel_fd_findcmp, uxsel_fd_findcmp , 41 ,dereference failure: invalid pointer
 unix/pterm.c, initial_config_box, initial_config_box , 35 ,dereference failure: invalid pointer
 unix/procnet.c, get_space_separated_field, get_space_separated_field , 34 ,dereference failure: invalid pointer
 unix/psusan.c, server_conn_plug, server_conn_plug , 257 ,dereference failure: invalid pointer
 unix/psusan.c, server_logging_error, server_logging_error , 142 ,dereference failure: invalid pointer
 unix/uppity.c, main, init_cmdline_instance , 579 ,dereference failure: invalid pointer
 unix/uppity.c, auth_kbdint_prompts, auth_kbdint_prompts , 284 ,dereference failure: invalid pointer
 unix/uppity.c, auth_kbdint_responses, auth_kbdint_responses , 302 ,dereference failure: invalid pointer
 unix/uppity.c, auth_none, auth_none , 208 ,dereference failure: invalid pointer
 unix/uppity.c, auth_publickey, auth_publickey , 246 ,dereference failure: invalid pointer
 unix/uppity.c, auth_publickey_ssh1, auth_publickey_ssh1 , 256 ,dereference failure: invalid pointer
 unix/uppity.c, cmdline_instance_start, server_conn_plug , 468 ,dereference failure: invalid pointer
 unix/uppity.c, init_cmdline_instance, getenv , 66 ,dereference failure: NULL pointer
 unix/uppity.c, server_logging_error, server_logging_error , 172 ,dereference failure: invalid pointer
 unix/fd-socket.c, fdsocket_close, deferred_socket_opener_free , 432 ,dereference failure: invalid pointer
 unix/fd-socket.c, fdsocket_connect_success_callback, fdsocket_connect_success_callback , 332 ,dereference failure: invalid pointer
 unix/fd-socket.c, fdsocket_inerrfd_cmp, fdsocket_inerrfd_cmp , 69 ,dereference failure: invalid pointer
 unix/fd-socket.c, fdsocket_infd_cmp, fdsocket_infd_cmp , 49 ,dereference failure: invalid pointer
 unix/fd-socket.c, fdsocket_infd_find, fdsocket_infd_find , 57 ,dereference failure: invalid pointer
 unix/fd-socket.c, fdsocket_outfd_cmp, fdsocket_outfd_cmp , 89 ,dereference failure: invalid pointer
 unix/fd-socket.c, fdsocket_outfd_find, fdsocket_outfd_find , 97 ,dereference failure: invalid pointer
 unix/fd-socket.c, fdsocket_select_result_input, fdsocket_select_result_input , 270 ,dereference failure: invalid pointer
 unix/fd-socket.c, fdsocket_select_result_output, fdsocket_try_send , 183 ,dereference failure: invalid pointer
 unix/fd-socket.c, fdsocket_set_frozen, fdsocket_set_frozen , 247 ,dereference failure: invalid pointer
 unix/fd-socket.c, make_deferred_fd_socket, make_fd_socket_internal , 386 ,dereference failure: invalid pointer
 unix/unicode.c, decode_codepage, decode_codepage , 268 ,dereference failure: invalid pointer
 unix/unicode.c, wc_to_mb, wc_to_mb , 87 ,dereference failure: invalid pointer
 unix/sftp.c, close_directory, close_directory , 345 ,dereference failure: invalid pointer
 unix/sftp.c, close_rfile, close_rfile , 167 ,dereference failure: invalid pointer
 unix/sftp.c, file_type, file_type , 295 ,dereference failure: invalid pointer
 unix/sftp.c, get_file_posn, get_file_posn , 286 ,dereference failure: invalid pointer
 unix/sftp.c, open_existing_wfile, open_existing_wfile , 210 ,dereference failure: invalid pointer
 unix/sftp.c, open_new_file, open_new_file , 187 ,dereference failure: invalid pointer
 unix/sftp.c, psftp_lcd, psftp_lcd , 88 ,dereference failure: invalid pointer
 unix/sftp.c, read_filename, read_filename , 333 ,dereference failure: invalid pointer
 unix/sftp.c, set_file_times, set_file_times , 250 ,dereference failure: invalid pointer
 unix/sftp.c, ssh_sftp_pw_check, ssh_sftp_pw_check , 494 ,dereference failure: invalid pointer
 unix/sftp.c, vet_filename, vet_filename , 446 ,dereference failure: invalid pointer
 unix/sftp.c, write_to_file, write_to_file , 227 ,dereference failure: invalid pointer
 unix/pageant.c, main, main , 1313 ,dereference failure: array bounds violated
 unix/pageant.c, agent_loop_pw_check, agent_loop_pw_check , 1054 ,dereference failure: invalid pointer
 unix/pageant.c, agent_loop_pw_setup, agent_loop_pw_setup , 1013 ,dereference failure: invalid pointer
 unix/pageant.c, askpass, askpass_tty , 445 ,dereference failure: invalid pointer
 unix/pageant.c, have_controlling_tty, have_controlling_tty , 421 ,dereference failure: invalid pointer
 unix/pageant.c, key_list_callback, key_list_callback , 582 ,dereference failure: invalid pointer
 unix/pageant.c, passphrase_done, passphrase_done , 144 ,dereference failure: invalid pointer
 unix/serial.c, serial_close, serial_close , 339 ,dereference failure: invalid pointer
 unix/serial.c, serial_exitcode, serial_exitcode , 555 ,dereference failure: invalid pointer
 unix/serial.c, serial_find_by_fd, serial_find_by_fd , 50 ,dereference failure: invalid pointer
 unix/serial.c, serial_unthrottle, serial_unthrottle , 535 ,dereference failure: invalid pointer
 unix/serial.c, serial_uxsel_setup, serial_uxsel_setup , 428 ,dereference failure: invalid pointer
 unix/cliloop.c, cli_main_loop, cli_main_loop , 43 ,dereference failure: invalid pointer
 unix/plink.c, main, main , 726 ,dereference failure: array bounds violated
 unix/plink.c, plink_continue, backend_connected , 831 ,dereference failure: NULL pointer
 unix/plink.c, plink_eof, backend_unthrottle , 841 ,dereference failure: NULL pointer
 unix/psocks.c, popen_free, popen_free , 27 ,dereference failure: invalid pointer
 unix/psocks.c, start_subcommand, start_subcommand , 102 ,dereference failure: invalid pointer
 unix/printing.c, printer_job_data, printer_job_data , 33 ,dereference failure: invalid pointer
 unix/printing.c, printer_start_job, printer_start_job , 20 ,dereference failure: invalid pointer
 unix/console.c, console_askappend, console_askappend , 317 ,dereference failure: invalid pointer
 unix/console.c, console_confirm_ssh_host_key, console_confirm_ssh_host_key , 119 ,dereference failure: invalid pointer
 unix/console.c, console_eventlog, lp_verbose , 2298 ,dereference failure: invalid pointer
 unix/console.c, console_open, console_open , 450 ,dereference failure: invalid pointer
 unix/storage.c, close_settings_r, close_settings_r , 528 ,dereference failure: invalid pointer
 unix/storage.c, close_settings_w, close_settings_w , 288 ,dereference failure: invalid pointer
 unix/storage.c, enum_host_ca_finish, enum_host_ca_finish , 633 ,dereference failure: invalid pointer
 unix/storage.c, enum_host_ca_next, enum_host_ca_next , 628 ,dereference failure: invalid pointer
 unix/storage.c, enum_settings_finish, enum_settings_finish , 606 ,dereference failure: invalid pointer
 unix/storage.c, enum_settings_next, enum_settings_next , 601 ,dereference failure: invalid pointer
 unix/storage.c, host_ca_delete, host_ca_delete , 730 ,dereference failure: invalid pointer
 unix/storage.c, host_ca_save, host_ca_save , 696 ,dereference failure: invalid pointer
 unix/storage.c, keycmp, keycmp , 318 ,dereference failure: invalid pointer
 unix/storage.c, write_setting_filename, write_setting_s , 278 ,dereference failure: invalid pointer
 unix/agent-client.c, agent_cancel_query, agent_cancel_query , 95 ,dereference failure: invalid pointer
 unix/agent-client.c, agent_connfind, agent_connfind , 47 ,dereference failure: invalid pointer
 unix/agent-client.c, agent_query, agent_query , 224 ,dereference failure: invalid pointer
 unix/utils/make_dir_path.c, make_dir_path, strcspn , 182 ,dereference failure: invalid pointer
 unix/utils/fontspec.c, fontspec_copy, fontspec_copy , 18 ,dereference failure: invalid pointer
 unix/utils/fontspec.c, fontspec_deserialise, fontspec_deserialise , 297 ,dereference failure: invalid pointer
 unix/utils/fontspec.c, fontspec_serialise, fontspec_serialise , 124 ,dereference failure: invalid pointer
 unix/utils/filename.c, filename_from_str, filename_from_str , 13 ,dereference failure: invalid pointer
 unix/utils/filename.c, filename_to_str, filename_to_str , 24 ,dereference failure: invalid pointer
 utils/cert-expr.c, cert_expr_builder_free, cert_expr_builder_free , 638 ,dereference failure: invalid pointer
 utils/cert-expr.c, cert_expr_builder_new, cert_expr_builder_new , 631 ,dereference failure: invalid pointer
 utils/cert-expr.c, error, error , 359 ,dereference failure: invalid pointer
 utils/cert-expr.c, exprnode_new, exprnode_new , 307 ,dereference failure: invalid pointer
 utils/cert-expr.c, lex, lex , 267 ,dereference failure: invalid pointer
 utils/cert-expr.c, parse_atom, parse_atom , 385 ,dereference failure: invalid pointer
 utils/tempseat.c, is_tempseat, is_tempseat , 366 ,dereference failure: invalid pointer
 utils/tempseat.c, tempseat_echoedit_update, tempseat_echoedit_update , 106 ,dereference failure: invalid pointer
 utils/tempseat.c, tempseat_get_windowid, tempseat_get_windowid , 161 ,dereference failure: invalid pointer
 utils/tempseat.c, tempseat_has_mixed_input_stream, tempseat_has_mixed_input_stream , 204 ,dereference failure: invalid pointer
 utils/tempseat.c, tempseat_interactive, tempseat_interactive , 186 ,dereference failure: invalid pointer
 utils/tempseat.c, tempseat_is_utf8, tempseat_is_utf8 , 149 ,dereference failure: invalid pointer
 utils/tempseat.c, tempseat_new, tempseat_new , 355 ,dereference failure: invalid pointer
 utils/tempseat.c, tempseat_notify_session_started, tempseat_notify_session_started , 82 ,dereference failure: invalid pointer
 utils/tempseat.c, tempseat_prompt_descriptions, tempseat_prompt_descriptions , 215 ,dereference failure: invalid pointer
 utils/tempseat.c, tempseat_set_trust_status, tempseat_set_trust_status , 114 ,dereference failure: invalid pointer
 utils/tempseat.c, tempseat_stripctrl_new, tempseat_stripctrl_new , 174 ,dereference failure: invalid pointer
 utils/tempseat.c, tempseat_verbose, tempseat_verbose , 180 ,dereference failure: invalid pointer
 utils/wildcard.c, wc_match, wc_match_inner , 221 ,dereference failure: invalid pointer
 utils/wildcard.c, wc_match_fragment, wc_match_fragment , 111 ,Same object violation
 utils/wildcard.c, wc_unescape, wc_unescape , 328 ,dereference failure: invalid pointer
 utils/log_proxy_stderr.c, psb_init, psb_init , 9 ,dereference failure: invalid pointer
 utils/sessprep.c, prepare_session, prepare_session , 67 ,dereference failure: invalid pointer
 utils/marshal.c, BinarySink_put_asciz, BinarySink_put_asciz , 90 ,dereference failure: invalid pointer
 utils/marshal.c, BinarySink_put_data, BinarySink_put_data , 11 ,dereference failure: invalid pointer
 utils/marshal.c, BinarySource_get_chars, BinarySource_get_chars_internal , 244 ,dereference failure: invalid pointer
 utils/marshal.c, BinarySource_get_chomped_line, BinarySource_get_chomped_line , 269 ,dereference failure: invalid pointer
 utils/marshal.c, bufchain_sink_init, bufchain_sink_init , 336 ,dereference failure: invalid pointer
 utils/marshal.c, bufchain_sink_write, bufchain_sink_write , 331 ,dereference failure: invalid pointer
 utils/marshal.c, stdio_sink_write, stdio_sink_write , 319 ,dereference failure: invalid pointer
 utils/prompts.c, free_prompts, free_prompts , 60 ,dereference failure: invalid pointer
 utils/prompts.c, prompt_set_result, prompt_set_result , 36 ,dereference failure: invalid pointer
 utils/strbuf.c, strbuf_to_str, strbuf_to_str , 99 ,dereference failure: invalid pointer
 utils/memory.c, saferealloc, saferealloc , 62 ,dereference failure: invalid pointer freed
 utils/conf.c, conf_cmp, conf_cmp , 91 ,array bounds violated: array `subkeytypes' lower bound
 utils/conf.c, conf_copy, copy_key , 146 ,array bounds violated: array `subkeytypes' lower bound
 utils/conf.c, conf_deserialise, conf_deserialise , 560 ,array bounds violated: array `subkeytypes' lower bound
 utils/conf.c, conf_serialise, conf_serialise , 512 ,array bounds violated: array `subkeytypes' lower bound
 utils/conf.c, copy_value, copy_value , 184 ,dereference failure: invalid pointer
 utils/bufchain.c, bufchain_prefix, bufchain_prefix , 125 ,dereference failure: invalid pointer
 utils/dup_wc_to_mb.c, dup_wc_to_mb, dup_wc_to_mb_c , 26 ,dereference failure: invalid pointer
 utils/parse_blocksize.c, parse_blocksize, parse_blocksize , 25 ,dereference failure: invalid pointer
 utils/memxor.c, memxor, memxor , 23 ,dereference failure: invalid pointer
 utils/tree234.c, addpos234, addpos234 , 475 ,dereference failure: invalid pointer
 utils/tree234.c, countnode234, countnode234 , 103 ,dereference failure: invalid pointer
 utils/tree234.c, del234, findrelpos234 , 539 ,dereference failure: invalid pointer
 utils/tree234.c, delpos234, delpos234 , 1029 ,dereference failure: invalid pointer
 utils/tree234.c, delpos234_internal, delpos234_internal , 709 ,dereference failure: invalid pointer
 utils/tree234.c, elements234, elements234 , 117 ,dereference failure: invalid pointer
 utils/tree234.c, findrel234, search234_start , 616 ,dereference failure: invalid pointer
 utils/tree234.c, search234_step, search234_step , 623 ,dereference failure: invalid pointer
 utils/ptrlen.c, ptrlen_endswith, memcmp , 310 ,dereference failure: invalid pointer
 utils/stripctrl.c, stripctrl_ctrlchar_ok, stripctrl_ctrlchar_ok , 131 ,dereference failure: invalid pointer
 utils/stripctrl.c, stripctrl_locale_BinarySink_write, stripctrl_locale_BinarySink_write , 315 ,dereference failure: invalid pointer
 utils/stripctrl.c, stripctrl_new, stripctrl_new_common , 56 ,dereference failure: invalid pointer
 utils/stripctrl.c, stripctrl_term_put_wc, stripctrl_term_put_wc , 188 ,dereference failure: invalid pointer
 utils/key_components.c, key_components_add_copy, key_components_add_mp , 48 ,dereference failure: invalid pointer
 utils/key_components.c, key_components_new, key_components_new , 7 ,dereference failure: invalid pointer
 proxy/telnet.c, proxy_telnet_new, proxy_telnet_new , 203 ,dereference failure: invalid pointer
 proxy/local.c, local_proxy_opener, interactor_logpolicy , 722 ,dereference failure: invalid pointer
 proxy/local.c, local_proxy_opener_free, local_proxy_opener_free , 55 ,dereference failure: invalid pointer
 proxy/local.c, local_proxy_opener_get_seat, local_proxy_opener_get_seat , 81 ,dereference failure: invalid pointer
 proxy/local.c, local_proxy_opener_logpolicy, local_proxy_opener_logpolicy , 75 ,dereference failure: invalid pointer
 proxy/http.c, get_end_of_header, get_end_of_header , 189 ,dereference failure: invalid pointer
 proxy/http.c, get_separator, get_separator , 230 ,dereference failure: invalid pointer
 proxy/http.c, proxy_http_free, proxy_http_free , 140 ,dereference failure: invalid pointer
 proxy/proxy.c, new_connection, proxy_for_destination , 330 ,dereference failure: invalid pointer
 proxy/proxy.c, plug_proxy_receive, plug_proxy_receive , 258 ,dereference failure: invalid pointer
 proxy/proxy.c, proxy_get_seat, proxy_get_seat , 455 ,dereference failure: invalid pointer
 proxy/proxy.c, proxy_logpolicy, proxy_logpolicy , 449 ,dereference failure: invalid pointer
 proxy/proxy.c, proxy_set_seat, proxy_set_seat , 461 ,dereference failure: invalid pointer
 proxy/proxy.c, sk_proxy_set_frozen, sk_proxy_set_frozen , 148 ,dereference failure: invalid pointer
 proxy/proxy.c, sk_proxy_socket_error, sk_socket_error , 272 ,dereference failure: invalid pointer
 proxy/proxy.c, sk_proxy_write, sk_write , 241 ,dereference failure: invalid pointer
 proxy/proxy.c, sk_proxy_write_eof, sk_write_eof , 245 ,dereference failure: invalid pointer
 proxy/proxy.c, sk_proxy_write_oob, sk_write_oob , 243 ,dereference failure: invalid pointer
 proxy/interactor.c, interactor_return_seat, interactor_get_seat , 724 ,dereference failure: invalid pointer
 proxy/sshproxy.c, sshproxy_banner, seat_banner , 1423 ,dereference failure: invalid pointer
 proxy/sshproxy.c, sshproxy_can_set_trust_status, seat_can_set_trust_status , 1474 ,dereference failure: invalid pointer
 proxy/sshproxy.c, sshproxy_close, backend_free , 816 ,dereference failure: invalid pointer
 proxy/sshproxy.c, sshproxy_confirm_ssh_host_key, seat_confirm_ssh_host_key , 1443 ,dereference failure: invalid pointer
 proxy/sshproxy.c, sshproxy_connection_fatal, sshproxy_connection_fatal , 401 ,dereference failure: invalid pointer
 proxy/sshproxy.c, sshproxy_connection_fatal_callback, plug_closing_error , 255 ,dereference failure: invalid pointer
 proxy/sshproxy.c, sshproxy_eof, sshproxy_eof , 308 ,dereference failure: invalid pointer
 proxy/sshproxy.c, sshproxy_new_connection, sshproxy_new_connection , 574 ,dereference failure: invalid pointer
 proxy/sshproxy.c, sshproxy_prompt_descriptions, seat_prompt_descriptions , 1457 ,dereference failure: invalid pointer
 proxy/sshproxy.c, sshproxy_sent, sshproxy_sent , 316 ,dereference failure: invalid pointer
 proxy/sshproxy.c, sshproxy_set_frozen, sshproxy_set_frozen , 115 ,dereference failure: invalid pointer
 proxy/sshproxy.c, sshproxy_stripctrl_new, seat_stripctrl_new , 1470 ,dereference failure: invalid pointer
 proxy/sshproxy.c, sshproxy_verbose, seat_verbose , 1478 ,dereference failure: invalid pointer
 proxy/sshproxy.c, sshproxy_write_eof, backend_special , 827 ,dereference failure: invalid pointer
 crypto/rsa.c, freersakey, freersapriv , 451 ,dereference failure: invalid pointer
 crypto/rsa.c, rsa2_has_private, rsa2_has_private , 543 ,dereference failure: invalid pointer
 crypto/rsa.c, rsa2_hash_alg_for_flags, rsa2_hash_alg_for_flags , 662 ,dereference failure: invalid pointer
 crypto/rsa.c, rsa2_invalid, rsa2_invalid , 851 ,dereference failure: invalid pointer
 crypto/rsa.c, rsa2_new_priv_openssh, rsa2_new_priv_openssh , 597 ,dereference failure: invalid pointer
 crypto/rsa.c, rsa_privkey_op, rsa_privkey_op , 236 ,dereference failure: invalid pointer
 crypto/rsa.c, rsa_ssh1_fingerprint, rsa_ssh1_fingerprint , 322 ,dereference failure: invalid pointer
 crypto/rsa.c, rsa_ssh1_private_blob_agent, rsa_ssh1_public_blob , 410 ,dereference failure: invalid pointer
 crypto/rsa.c, rsa_verify, rsa_verify , 364 ,dereference failure: invalid pointer
 crypto/rsa.c, ssh_rsa_alternate_ssh_id, ssh_rsa_alternate_ssh_id , 875 ,dereference failure: invalid pointer
 crypto/rsa.c, ssh_rsakex_klen, ssh_rsakex_klen , 944 ,dereference failure: invalid pointer
 crypto/openssh-certs.c, opensshcert_alg_desc, opensshcert_alg_desc , 918 ,dereference failure: invalid pointer
 crypto/openssh-certs.c, opensshcert_ca_pub_key, ssh_key_new_pub , 894 ,dereference failure: invalid pointer
 crypto/openssh-certs.c, opensshcert_cert_id_string, opensshcert_cert_id_string , 566 ,dereference failure: invalid pointer
 crypto/openssh-certs.c, opensshcert_has_private, opensshcert_has_private , 572 ,dereference failure: invalid pointer
 crypto/openssh-certs.c, opensshcert_openssh_blob, opensshcert_openssh_blob , 538 ,dereference failure: invalid pointer
 crypto/openssh-certs.c, opensshcert_private_blob, opensshcert_private_blob , 532 ,dereference failure: invalid pointer
 crypto/openssh-certs.c, opensshcert_pubkey_bits, opensshcert_pubkey_bits , 890 ,dereference failure: invalid pointer
 crypto/openssh-certs.c, opensshcert_sign, opensshcert_sign , 1159 ,dereference failure: invalid pointer
 crypto/openssh-certs.c, opensshcert_supported_flags, opensshcert_supported_flags , 899 ,dereference failure: invalid pointer
 crypto/openssh-certs.c, opensshcert_variable_size, opensshcert_variable_size , 926 ,dereference failure: invalid pointer
 crypto/openssh-certs.c, opensshcert_verify, opensshcert_verify , 1152 ,dereference failure: invalid pointer
 crypto/blowfish.c, blowfish_decrypt, blowfish_decrypt , 299 ,dereference failure: invalid pointer
 crypto/blowfish.c, blowfish_encrypt, blowfish_encrypt , 266 ,dereference failure: invalid pointer
 crypto/blowfish.c, blowfish_expandkey, blowfish_expandkey , 498 ,dereference failure: invalid pointer
 crypto/blowfish.c, blowfish_initkey, blowfish_initkey , 463 ,dereference failure: invalid pointer
 crypto/blowfish.c, blowfish_new, blowfish_new , 591 ,dereference failure: invalid pointer
 crypto/blowfish.c, blowfish_ssh_setkey, blowfish_ssh_setkey , 605 ,dereference failure: invalid pointer
 crypto/pubkey-pem.c, des3_pubkey_ossh_cipher, ssh_cipher_setiv , 688 ,dereference failure: invalid pointer
 crypto/ntru.c, ntru_confirmation_hash, ssh_hash_new , 785 ,dereference failure: invalid pointer
 crypto/ntru.c, ntru_decode_ciphertext, ntru_decode_ciphertext , 1318 ,dereference failure: invalid pointer
 crypto/ntru.c, ntru_decode_pubkey, ntru_encode_pubkey_schedule , 1200 ,dereference failure: invalid pointer
 crypto/ntru.c, ntru_encode, ntru_encode , 739 ,dereference failure: invalid pointer
 crypto/ntru.c, ntru_encode_ciphertext, ntru_bias , 164 ,dereference failure: invalid pointer
 crypto/ntru.c, ntru_encode_ciphertext_schedule, ntru_encode_ciphertext_schedule , 1283 ,dereference failure: invalid pointer
 crypto/ntru.c, ntru_encode_plaintext, ntru_encode_plaintext , 1359 ,dereference failure: invalid pointer
 crypto/ntru.c, ntru_encode_schedule, ntru_encode_schedule , 637 ,dereference failure: invalid pointer
 crypto/ntru.c, ntru_encode_schedule_length, ntru_encode_schedule_length , 718 ,dereference failure: invalid pointer
 crypto/ntru.c, ntru_encode_schedule_nvals, ntru_encode_schedule_nvals , 729 ,dereference failure: invalid pointer
 crypto/ntru.c, ntru_gen_short, ntru_gen_short , 939 ,dereference failure: invalid pointer
 crypto/ntru.c, ntru_keygen, ntru_keygen_attempt , 1019 ,dereference failure: invalid pointer
 crypto/ntru.c, ntru_keypair_p, ntru_keypair_p , 898 ,dereference failure: invalid pointer
 crypto/ntru.c, ntru_normalise, ntru_normalise , 457 ,dereference failure: invalid pointer
 crypto/ntru.c, sched_append, sched_append , 612 ,division by zero
 crypto/ntru.c, ssh_ntru_client_free, ecdh_key_free , 987 ,dereference failure: invalid pointer
 crypto/ntru.c, ssh_ntru_client_getpublic, ssh_ntru_client_getpublic , 1563 ,dereference failure: invalid pointer
 crypto/ntru.c, ssh_ntru_client_new, ssh_ntru_client_new , 1537 ,dereference failure: invalid pointer
 crypto/ntru.c, ssh_ntru_server_free, ssh_ntru_server_free , 1731 ,dereference failure: invalid pointer
 crypto/ntru.c, ssh_ntru_server_getpublic, ecdh_key_getpublic , 989 ,dereference failure: invalid pointer
 crypto/ntru.c, ssh_ntru_server_new, ssh_ntru_server_new , 1716 ,dereference failure: invalid pointer
 crypto/sha512-sw.c, sha512_sw_block, GET_64BIT_MSB_FIRST , 383 ,dereference failure: invalid pointer
 crypto/sha512-sw.c, sha512_sw_round, sha512_sw_round , 54 ,array bounds violated: array `sha512_round_constants' upper bound
 crypto/sha256-sw.c, sha256_sw_new, sha256_sw_new , 107 ,dereference failure: invalid pointer
 crypto/diffie-hellman.c, dh_cleanup, dh_cleanup , 365 ,dereference failure: invalid pointer
 crypto/diffie-hellman.c, dh_find_K, dh_find_K , 438 ,dereference failure: invalid pointer
 crypto/diffie-hellman.c, dh_is_gex, dh_is_gex , 323 ,dereference failure: invalid pointer
 crypto/diffie-hellman.c, dh_modulus_bit_size, dh_modulus_bit_size , 357 ,dereference failure: invalid pointer
 crypto/diffie-hellman.c, dh_setup_gex, dh_setup_gex , 346 ,dereference failure: invalid pointer
 crypto/mac_simple.c, mac_simple, ssh2_mac_free , 738 ,dereference failure: invalid pointer
 crypto/arcfour.c, arcfour_block, arcfour_block , 28 ,dereference failure: invalid pointer
 crypto/aesgcm-common.c, aesgcm_set_prefix_lengths, aesgcm_set_prefix_lengths , 6 ,dereference failure: invalid pointer
 crypto/ecc-arithmetic.c, ecc_edwards_cond_swap, ecc_edwards_cond_swap , 1022 ,dereference failure: invalid pointer
 crypto/ecc-arithmetic.c, ecc_edwards_curve, ecc_edwards_curve , 881 ,dereference failure: invalid pointer
 crypto/ecc-arithmetic.c, ecc_edwards_curve_free, ecc_edwards_curve_free , 896 ,dereference failure: invalid pointer
 crypto/ecc-arithmetic.c, ecc_edwards_get_affine, ecc_edwards_get_affine , 1168 ,dereference failure: invalid pointer
 crypto/ecc-arithmetic.c, ecc_edwards_normalise, ecc_edwards_normalise , 1091 ,dereference failure: invalid pointer
 crypto/ecc-arithmetic.c, ecc_edwards_point_copy, ecc_edwards_point_copy , 941 ,dereference failure: invalid pointer
 crypto/ecc-arithmetic.c, ecc_edwards_point_copy_into, ecc_edwards_point_copy_into , 933 ,dereference failure: invalid pointer
 crypto/ecc-arithmetic.c, ecc_edwards_point_free, ecc_edwards_point_free , 951 ,dereference failure: invalid pointer
 crypto/ecc-arithmetic.c, ecc_edwards_point_new, ecc_edwards_point_new , 928 ,dereference failure: invalid pointer
 crypto/ecc-arithmetic.c, ecc_edwards_point_new_empty, ecc_edwards_point_new_empty , 908 ,dereference failure: invalid pointer
 crypto/ecc-arithmetic.c, ecc_montgomery_cond_swap, ecc_montgomery_cond_swap , 658 ,dereference failure: invalid pointer
 crypto/ecc-arithmetic.c, ecc_montgomery_curve, ecc_montgomery_curve , 580 ,dereference failure: invalid pointer
 crypto/ecc-arithmetic.c, ecc_montgomery_double, ecc_montgomery_double , 711 ,dereference failure: invalid pointer
 crypto/ecc-arithmetic.c, ecc_montgomery_get_affine, ecc_montgomery_get_affine , 832 ,dereference failure: invalid pointer
 crypto/ecc-arithmetic.c, ecc_montgomery_is_identity, ecc_montgomery_is_identity , 842 ,dereference failure: invalid pointer
 crypto/ecc-arithmetic.c, ecc_montgomery_normalise, ecc_montgomery_normalise , 763 ,dereference failure: invalid pointer
 crypto/ecc-arithmetic.c, ecc_montgomery_point_copy, ecc_montgomery_point_copy , 634 ,dereference failure: invalid pointer
 crypto/ecc-arithmetic.c, ecc_montgomery_point_free, ecc_montgomery_point_free , 642 ,dereference failure: invalid pointer
 crypto/ecc-arithmetic.c, ecc_weierstrass_double, ecc_weierstrass_double , 363 ,dereference failure: invalid pointer
 crypto/ecc-arithmetic.c, ecc_weierstrass_epilogue, ecc_weierstrass_epilogue , 226 ,dereference failure: invalid pointer
 crypto/ecc-arithmetic.c, ecc_weierstrass_get_affine, ecc_weierstrass_get_affine , 507 ,dereference failure: invalid pointer
 crypto/ecc-arithmetic.c, ecc_weierstrass_is_identity, ecc_weierstrass_is_identity , 477 ,dereference failure: invalid pointer
 crypto/ecc-arithmetic.c, ecc_weierstrass_normalise, ecc_weierstrass_normalise , 487 ,dereference failure: invalid pointer
 crypto/ecc-arithmetic.c, ecc_weierstrass_point_copy, ecc_weierstrass_point_copy , 129 ,dereference failure: invalid pointer
 crypto/ecc-arithmetic.c, ecc_weierstrass_point_copy_into, ecc_weierstrass_point_copy_into , 122 ,dereference failure: invalid pointer
 crypto/ecc-arithmetic.c, ecc_weierstrass_point_free, ecc_weierstrass_point_free , 138 ,dereference failure: invalid pointer
 crypto/ecc-arithmetic.c, ecc_weierstrass_select_into, ecc_weierstrass_select_into , 379 ,dereference failure: invalid pointer
 crypto/ecc-ssh.c, ec_alg_desc, ec_alg_desc , 1259 ,dereference failure: invalid pointer
 crypto/ecc-ssh.c, ec_alg_oid, ec_alg_oid , 1775 ,dereference failure: invalid pointer
 crypto/ecc-ssh.c, ec_ed_alg_and_curve_by_bits, ec_ed_alg_and_curve_by_bits , 1807 ,dereference failure: invalid pointer
 crypto/ecc-ssh.c, ec_nist_alg_and_curve_by_bits, ec_nist_alg_and_curve_by_bits , 1795 ,dereference failure: invalid pointer
 crypto/ecc-ssh.c, ec_shared_pubkey_bits, ec_shared_pubkey_bits , 954 ,dereference failure: invalid pointer
 crypto/ecc-ssh.c, ecdsa_cache_str, ecdsa_cache_str , 706 ,dereference failure: invalid pointer
 crypto/ecc-ssh.c, ecdsa_has_private, ecdsa_has_private , 796 ,dereference failure: invalid pointer
 crypto/ecc-ssh.c, ecdsa_signing_exponent_from_data, ecdsa_signing_exponent_from_data , 974 ,dereference failure: invalid pointer
 crypto/ecc-ssh.c, eddsa_sign, eddsa_sign , 1176 ,dereference failure: invalid pointer
 crypto/ecc-ssh.c, ssh_ecdhkex_description, ssh_ecdhkex_description , 1618 ,dereference failure: invalid pointer
 crypto/ecc-ssh.c, ssh_ecdhkex_m_free, ssh_ecdhkex_m_free , 1611 ,dereference failure: invalid pointer
 crypto/ecc-ssh.c, ssh_ecdhkex_m_getkey, ssh_ecdhkex_m_getkey , 1554 ,dereference failure: invalid pointer
 crypto/ecc-ssh.c, ssh_ecdhkex_w_free, ssh_ecdhkex_w_free , 1603 ,dereference failure: invalid pointer
 crypto/ecc-ssh.c, ssh_ecdhkex_w_new, ssh_ecdhkex_w_new , 456 ,dereference failure: invalid pointer
 crypto/mac.c, ssh2_mac_generate, ssh2_mac_genresult , 744 ,dereference failure: invalid pointer
 crypto/mac.c, ssh2_mac_prepare, ssh2_mac_start , 742 ,dereference failure: invalid pointer
 crypto/md5.c, md5_do_block, GET_32BIT_LSB_FIRST , 354 ,dereference failure: invalid pointer
 crypto/aesgcm-sw.c, aesgcm_sw_output, aesgcm_sw_output , 137 ,dereference failure: invalid pointer
 crypto/aesgcm-sw.c, aesgcm_sw_setkey_impl, aesgcm_sw_setkey_impl , 83 ,dereference failure: invalid pointer
 crypto/aesgcm-ref-poly.c, aesgcm_ref_poly_coeff, aesgcm_ref_poly_coeff , 260 ,dereference failure: invalid pointer
 crypto/aesgcm-ref-poly.c, aesgcm_ref_poly_output, aesgcm_ref_poly_output , 356 ,dereference failure: invalid pointer
 crypto/aesgcm-ref-poly.c, aesgcm_ref_poly_setkey_impl, aesgcm_ref_poly_setkey_impl , 222 ,dereference failure: invalid pointer
 crypto/hmac.c, hmac_free, ssh_hash_free , 791 ,dereference failure: invalid pointer
 crypto/hmac.c, hmac_genresult, hmac_genresult , 154 ,dereference failure: invalid pointer
 ssh/userauth2-client.c, authplugin_plug_closing, authplugin_plug_closing , 326 ,dereference failure: invalid pointer
 ssh/userauth2-client.c, ssh2_userauth_add_session_id, ssh2_userauth_add_session_id , 2225 ,dereference failure: invalid pointer
 ssh/userauth2-client.c, ssh2_userauth_agent_callback, ssh2_userauth_agent_callback , 2251 ,dereference failure: invalid pointer
 ssh/userauth2-client.c, ssh2_userauth_free, ssh2_userauth_free , 200 ,dereference failure: invalid pointer
 ssh/userauth2-client.c, ssh2_userauth_gss_packet, ssh2_userauth_gss_packet , 113 ,dereference failure: invalid pointer
 ssh/userauth2-client.c, ssh2_userauth_ki_run_prompts, seat_get_userpass_input , 1426 ,dereference failure: invalid pointer
 ssh/userauth2-client.c, ssh2_userauth_ki_setup_prompts, ssh2_userauth_ki_setup_prompts , 2097 ,dereference failure: invalid pointer
 ssh/userauth2-client.c, ssh2_userauth_ki_write_responses, ssh2_userauth_ki_write_responses , 2211 ,dereference failure: invalid pointer
 ssh/userauth2-client.c, ssh2_userauth_new, ssh2_userauth_new , 158 ,dereference failure: invalid pointer
 ssh/userauth2-client.c, ssh2_userauth_reconfigure, ssh2_userauth_reconfigure , 2539 ,dereference failure: invalid pointer
 ssh/userauth2-client.c, ssh2_userauth_set_transport_layer, ssh2_userauth_set_transport_layer , 191 ,dereference failure: invalid pointer
 ssh/userauth2-client.c, ssh2_userauth_signflags, ssh_keyalg_alternate_ssh_id , 948 ,dereference failure: invalid pointer
 ssh/gssc.c, ssh_gssapi_bind_fns, ssh_gssapi_bind_fns , 265 ,dereference failure: invalid pointer
 ssh/gssc.c, ssh_gssapi_release_cred, ssh_gssapi_release_cred , 216 ,dereference failure: invalid pointer
 ssh/sesschan.c, scp_chan_send, scp_chan_send , 780 ,dereference failure: invalid pointer
 ssh/sesschan.c, scp_chan_send_eof, scp_chan_send_eof , 786 ,dereference failure: invalid pointer
 ssh/sesschan.c, sesschan_change_window_size, backend_size , 824 ,dereference failure: invalid pointer
 ssh/sesschan.c, sesschan_connection_fatal, sshfwd_send_exit_signal , 263 ,dereference failure: invalid pointer
 ssh/sesschan.c, sesschan_run_command, sesschan_run_command , 341 ,dereference failure: invalid pointer
 ssh/sesschan.c, sesschan_run_subsystem, sftpsrv_new , 393 ,dereference failure: invalid pointer
 ssh/sesschan.c, sesschan_seat_eof, sesschan_seat_eof , 656 ,dereference failure: invalid pointer
 ssh/sesschan.c, sesschan_seat_output, sesschan_seat_output , 624 ,dereference failure: invalid pointer
 ssh/sesschan.c, sesschan_send_signal, sesschan_send_signal , 596 ,dereference failure: invalid pointer
 ssh/sesschan.c, sesschan_want_close, sesschan_want_close , 649 ,dereference failure: invalid pointer
 ssh/sesschan.c, sftp_chan_send, sshfwd_write_ext , 240 ,dereference failure: invalid pointer
 ssh/server.c, server_receive, server_receive , 165 ,dereference failure: invalid pointer
 ssh/server.c, server_shutdown_internal, server_shutdown_internal , 427 ,dereference failure: invalid pointer
 ssh/server.c, ssh_get_logctx, ssh_get_logctx , 195 ,dereference failure: invalid pointer
 ssh/server.c, ssh_server_plug, ssh_server_plug , 271 ,dereference failure: invalid pointer
 ssh/server.c, ssh_server_start, server_connect_bpp , 374 ,dereference failure: invalid pointer
 ssh/transport2.c, delay_outgoing_kexinit, delay_outgoing_kexinit , 1201 ,dereference failure: invalid pointer
 ssh/transport2.c, ssh2_transport_confirm_weak_crypto_primitive, seat_confirm_weak_crypto_primitive , 1448 ,dereference failure: invalid pointer
 ssh/transport2.c, ssh2_transport_get_specials, ssh2_transport_get_specials , 2240 ,array bounds violated: array `ssh2_hostkey_algs' upper bound
 ssh/transport2.c, ssh2_transport_gss_update, ssh2_transport_gss_update , 2135 ,dereference failure: invalid pointer
 ssh/transport2.c, ssh2_transport_queued_data_size, ssh2_transport_queued_data_size , 2406 ,dereference failure: invalid pointer
 ssh/transport2.c, ssh2_transport_set_max_data_size, ssh2_transport_set_max_data_size , 2291 ,dereference failure: invalid pointer
 ssh/transport2.c, ssh2_transport_timer, ssh2_transport_gss_update , 2115 ,dereference failure: invalid pointer
 ssh/transport2.c, ssh2_transport_timer_update, ssh2_transport_timer_update , 2000 ,dereference failure: invalid pointer
 ssh/verstring.c, ssh_verstring_get_bugs, ssh_verstring_get_bugs , 635 ,dereference failure: invalid pointer
 ssh/verstring.c, ssh_verstring_get_remote, ssh_verstring_get_remote , 621 ,dereference failure: invalid pointer
 ssh/bpp1.c, ssh1_bpp_format_packet, ssh_cipher_encrypt , 692 ,dereference failure: invalid pointer
 ssh/bpp1.c, ssh1_bpp_new_pktout, ssh1_bpp_new_pktout , 290 ,dereference failure: invalid pointer
 ssh/agentf.c, agentf_new, agentf_new , 178 ,dereference failure: invalid pointer
 ssh/login1-server.c, ssh1_login_server_new, ssh1_login_server_new , 73 ,dereference failure: invalid pointer
 ssh/ssh.c, connect_to_host, connect_to_host , 770 ,dereference failure: invalid pointer
 ssh/ssh.c, ssh_bpp_output_raw_data_callback, ssh_bpp_output_raw_data_callback , 371 ,dereference failure: invalid pointer
 ssh/ssh.c, ssh_cfg_info, ssh_cfg_info , 1241 ,dereference failure: invalid pointer
 ssh/ssh.c, ssh_check_sendok, ssh_check_sendok , 1195 ,dereference failure: invalid pointer
 ssh/ssh.c, ssh_close_warn_text, ssh_close_warn_text , 708 ,dereference failure: invalid pointer
 ssh/ssh.c, ssh_connected, ssh_connected , 1182 ,dereference failure: invalid pointer
 ssh/ssh.c, ssh_description, ssh_description , 728 ,dereference failure: invalid pointer
 ssh/ssh.c, ssh_fallback_cmd, ssh_fallback_cmd , 1257 ,dereference failure: invalid pointer
 ssh/ssh.c, ssh_get_seat, ssh_get_seat , 740 ,dereference failure: invalid pointer
 ssh/ssh.c, ssh_got_exitcode, ssh_got_exitcode , 1221 ,dereference failure: invalid pointer
 ssh/ssh.c, ssh_got_fallback_cmd, ssh_got_fallback_cmd , 1262 ,dereference failure: invalid pointer
 ssh/ssh.c, ssh_hostport_setup, ssh_hostport_setup , 666 ,dereference failure: invalid pointer
 ssh/ssh.c, ssh_is_bare, ssh_is_bare , 917 ,dereference failure: invalid pointer
 ssh/ssh.c, ssh_ldisc, ssh_ldisc_option , 373 ,dereference failure: invalid pointer
 ssh/ssh.c, ssh_ldisc_update, ssh_ldisc_update , 1203 ,dereference failure: invalid pointer
 ssh/ssh.c, ssh_logpolicy, ssh_logpolicy , 734 ,dereference failure: invalid pointer
 ssh/ssh.c, ssh_provide_ldisc, ssh_provide_ldisc , 1216 ,dereference failure: invalid pointer
 ssh/ssh.c, ssh_reconfig, ssh_reconfig , 1038 ,dereference failure: invalid pointer
 ssh/ssh.c, ssh_return_exitcode, ssh_return_exitcode , 1227 ,dereference failure: invalid pointer
 ssh/ssh.c, ssh_sendbuffer, ssh_ppl_queued_data_size , 70 ,dereference failure: invalid pointer
 ssh/ssh.c, ssh_sendbuffer_changed, seat_sent , 1420 ,dereference failure: invalid pointer
 ssh/ssh.c, ssh_sendok, ssh_get_wants_user_input , 381 ,dereference failure: invalid pointer
 ssh/ssh.c, ssh_set_seat, ssh_set_seat , 746 ,dereference failure: invalid pointer
 ssh/ssh.c, ssh_shutdown, seat_notify_remote_disconnect , 1432 ,dereference failure: invalid pointer
 ssh/ssh.c, ssh_socket_log, ssh_socket_log , 602 ,dereference failure: invalid pointer
 ssh/ssh.c, ssh_test_for_upstream, ssh_hostport_setup , 661 ,dereference failure: invalid pointer
 ssh/ssh.c, ssh_throttle_all, ssh_throttle_all , 901 ,dereference failure: invalid pointer
 ssh/ssh.c, ssh_unthrottle, ssh_stdout_unthrottle , 367 ,dereference failure: invalid pointer
 ssh/common.c, alloc_channel_id_general, alloc_channel_id_general , 590 ,dereference failure: invalid pointer
 ssh/common.c, get_commasep_word, get_commasep_word , 646 ,dereference failure: invalid pointer
 ssh/common.c, pq_in_init, pq_in_init , 135 ,dereference failure: invalid pointer
 ssh/common.c, ssh1_common_get_specials, ssh1_common_get_specials , 1090 ,dereference failure: invalid pointer
 ssh/common.c, ssh_bpp_free, ssh_bpp_free , 794 ,dereference failure: invalid pointer
 ssh/common.c, ssh_bpp_input_raw_data_callback, ssh_bpp_input_raw_data_callback , 766 ,dereference failure: invalid pointer
 ssh/common.c, ssh_ppl_free, ssh_ppl_free , 707 ,dereference failure: invalid pointer
 ssh/common.c, ssh_ppl_new_prompts, ssh_ppl_new_prompts , 753 ,dereference failure: invalid pointer
 ssh/common.c, verify_ssh_host_key, verify_ssh_host_key , 1011 ,dereference failure: invalid pointer
 ssh/sftp.c, fxp_dup_name, fxp_dup_name , 847 ,dereference failure: invalid pointer
 ssh/sftp.c, fxp_get_userdata, fxp_get_userdata , 868 ,dereference failure: invalid pointer
 ssh/sftp.c, fxp_got_attrs, fxp_got_attrs , 567 ,dereference failure: invalid pointer
 ssh/sftp.c, fxp_set_userdata, fxp_set_userdata , 873 ,dereference failure: invalid pointer
 ssh/sftp.c, sftp_find_request, sftp_find_request , 175 ,dereference failure: invalid pointer
 ssh/sftp.c, xfer_cleanup, xfer_cleanup , 1197 ,dereference failure: invalid pointer
 ssh/sftp.c, xfer_download_data, xfer_download_data , 1080 ,dereference failure: invalid pointer
 ssh/sftp.c, xfer_download_init, xfer_init , 900 ,dereference failure: invalid pointer
 ssh/sftp.c, xfer_set_error, xfer_set_error , 1051 ,dereference failure: invalid pointer
 ssh/sftp.c, xfer_upload_data, xfer_upload_data , 1123 ,dereference failure: invalid pointer
 ssh/sftp.c, xfer_upload_gotpkt, xfer_upload_gotpkt , 1185 ,dereference failure: invalid pointer
 ssh/connection1-client.c, ssh1_connection_need_antispoof_prompt, seat_has_mixed_input_stream , 1476 ,dereference failure: invalid pointer
 ssh/connection1-client.c, ssh1_rportfwd_alloc, ssh1_queue_succfail_handler , 61 ,dereference failure: invalid pointer
 ssh/connection1-client.c, ssh1_session_confirm_callback, ssh1_session_confirm_callback , 464 ,dereference failure: invalid pointer
 ssh/connection1-client.c, ssh1mainchan_send_terminal_size_change, ssh1mainchan_send_terminal_size_change , 408 ,dereference failure: invalid pointer
 ssh/connection1-client.c, ssh1mainchan_succfail_wantreply, ssh1mainchan_succfail_wantreply , 282 ,dereference failure: invalid pointer
 ssh/connection1-client.c, ssh1mainchan_write_eof, ssh1mainchan_write_eof , 440 ,dereference failure: invalid pointer
 ssh/bpp2.c, ssh2_bpp_enable_pending_compression, ssh_compressor_new , 1042 ,dereference failure: invalid pointer
 ssh/bpp2.c, ssh2_bpp_format_packet, ssh2_bpp_format_packet , 843 ,dereference failure: invalid pointer
 ssh/bpp2.c, ssh2_bpp_free, ssh_decompressor_free , 1049 ,dereference failure: invalid pointer
 ssh/bpp2.c, ssh2_bpp_free_outgoing_crypto, ssh_compressor_free , 1047 ,dereference failure: invalid pointer
 ssh/ca-config.c, ca_load_handler, ca_load_handler , 242 ,dereference failure: invalid pointer
 ssh/ca-config.c, ca_pubkey_edit_handler, ca_pubkey_edit_handler , 329 ,dereference failure: invalid pointer
 ssh/ca-config.c, ca_rsa_type_handler, ca_rsa_type_handler , 388 ,dereference failure: invalid pointer
 ssh/ca-config.c, ca_validity_handler, ca_validity_handler , 369 ,dereference failure: invalid pointer
 ssh/portfwd.c, pfd_sent, sshfwd_unthrottle , 248 ,dereference failure: invalid pointer
 ssh/portfwd.c, portfwdmgr_free, portfwdmgr_close_all , 777 ,dereference failure: invalid pointer
 ssh/portfwd.c, portfwdmgr_new, portfwdmgr_new , 759 ,dereference failure: invalid pointer
 ssh/connection2.c, ssh2_add_x11_display, ssh2_add_x11_display , 1510 ,dereference failure: invalid pointer
 ssh/connection2.c, ssh2_agent_forwarding_permitted, ssh2_agent_forwarding_permitted , 1584 ,dereference failure: invalid pointer
 ssh/connection2.c, ssh2_alloc_sharing_channel, ssh2_alloc_sharing_channel , 1551 ,dereference failure: invalid pointer
 ssh/connection2.c, ssh2_channelcmp, ssh2_channelcmp , 193 ,dereference failure: invalid pointer
 ssh/connection2.c, ssh2_check_termination, ssh2_check_termination , 1248 ,dereference failure: invalid pointer
 ssh/connection2.c, ssh2_connection_get_specials, ssh2_connection_get_specials , 1606 ,dereference failure: invalid pointer
 ssh/connection2.c, ssh2_connection_reconfigure, ssh2_connection_reconfigure , 1741 ,dereference failure: invalid pointer
 ssh/connection2.c, ssh2_connection_special_cmd, ssh2_connection_special_cmd , 1628 ,dereference failure: invalid pointer
 ssh/connection2.c, ssh2_enable_x_fwd, ssh2_enable_x_fwd , 1701 ,dereference failure: invalid pointer
 ssh/connection2.c, ssh2_get_wants_user_input, ssh2_get_wants_user_input , 1718 ,dereference failure: invalid pointer
 ssh/connection2.c, ssh2_handle_winadj_response, ssh2_handle_winadj_response , 876 ,dereference failure: invalid pointer
 ssh/connection2.c, ssh2_ldisc_option, ssh2_ldisc_option , 1685 ,dereference failure: invalid pointer
 ssh/connection2.c, ssh2_queue_global_request_handler, ssh2_queue_global_request_handler , 179 ,dereference failure: invalid pointer
 ssh/connection2.c, ssh2_remove_sharing_x11_display, ssh2_remove_sharing_x11_display , 1540 ,dereference failure: invalid pointer
 ssh/connection2.c, ssh2_send_packet_from_downstream, ssh2_send_packet_from_downstream , 1574 ,dereference failure: invalid pointer
 ssh/connection2.c, ssh2_set_ldisc_option, ssh2_set_ldisc_option , 1693 ,dereference failure: invalid pointer
 ssh/connection2.c, ssh2_set_wants_user_input, ssh2_set_wants_user_input , 1709 ,dereference failure: invalid pointer
 ssh/connection2.c, ssh2_stdin_backlog, ssh2_stdin_backlog , 1659 ,dereference failure: invalid pointer
 ssh/connection2.c, ssh2_terminal_size, ssh2_terminal_size , 1638 ,dereference failure: invalid pointer
 ssh/connection2.c, ssh2_try_send, ssh2_try_send , 1113 ,dereference failure: invalid pointer
 ssh/connection2.c, ssh2_try_send_and_unthrottle, ssh2_try_send_and_unthrottle , 1165 ,dereference failure: invalid pointer
 ssh/connection2.c, ssh2channel_get_conf, ssh2channel_get_conf , 1360 ,dereference failure: invalid pointer
 ssh/connection2.c, ssh2channel_unthrottle, ssh2channel_unthrottle , 1391 ,dereference failure: invalid pointer
 ssh/connection2.c, ssh2channel_write_eof, ssh2channel_write_eof , 1368 ,dereference failure: invalid pointer
 ssh/connection2.c, ssh2channel_x11_sharing_handover, ssh2channel_x11_sharing_handover , 1427 ,dereference failure: invalid pointer
 ssh/transient-hostkey-cache.c, ssh_transient_hostkey_cache_free, ssh_transient_hostkey_cache_free , 64 ,dereference failure: invalid pointer
 ssh/userauth2-server.c, ssh2_userauth_server_new, ssh2_userauth_server_new , 71 ,dereference failure: invalid pointer
 ssh/sftpserver.c, default_reply_full_name, default_reply_full_name , 233 ,dereference failure: invalid pointer
 ssh/sftpserver.c, default_reply_simple_name, fxp_reply_full_name , 474 ,dereference failure: invalid pointer
 ssh/login1.c, ssh1_login_reconfigure, ssh1_login_reconfigure , 1192 ,dereference failure: invalid pointer
 ssh/sharing.c, send_packet_to_downstream, send_packet_to_downstream , 790 ,dereference failure: invalid pointer
 ssh/sharing.c, share_add_forwarding, share_add_forwarding , 677 ,dereference failure: invalid pointer
 ssh/sharing.c, share_add_halfchannel, share_add_halfchannel , 537 ,dereference failure: invalid pointer
 ssh/sharing.c, share_channel_us_cmp, share_channel_us_cmp , 394 ,dereference failure: invalid pointer
 ssh/sharing.c, share_dead_xchannel_respond, share_dead_xchannel_respond , 1000 ,dereference failure: invalid pointer
 ssh/sharing.c, share_find_forwarding, share_find_forwarding , 694 ,dereference failure: invalid pointer
 ssh/sharing.c, share_find_halfchannel, share_find_halfchannel , 552 ,dereference failure: invalid pointer
 ssh/sharing.c, share_find_xchannel_by_upstream, share_find_xchannel_by_upstream , 654 ,dereference failure: invalid pointer
 ssh/sharing.c, share_forwarding_cmp, share_forwarding_cmp , 447 ,dereference failure: invalid pointer
 ssh/sharing.c, share_ndownstreams, share_ndownstreams , 1866 ,dereference failure: invalid pointer
 ssh/sharing.c, share_remove_channel, share_remove_channel , 622 ,dereference failure: invalid pointer
 ssh/sharing.c, share_remove_forwarding, share_remove_forwarding , 702 ,dereference failure: invalid pointer
 ssh/sharing.c, share_remove_halfchannel, share_remove_halfchannel , 558 ,dereference failure: invalid pointer
 ssh/sharing.c, share_remove_xchannel, share_remove_xchannel , 668 ,dereference failure: invalid pointer
 ssh/sharing.c, share_setup_x11_channel, share_setup_x11_channel , 1115 ,dereference failure: invalid pointer
 ssh/sharing.c, share_xchannel_free, share_xchannel_free , 459 ,dereference failure: invalid pointer
 ssh/sharing.c, share_xchannel_us_cmp, share_xchannel_us_cmp , 420 ,dereference failure: invalid pointer
 ssh/sharing.c, sharestate_free, sharestate_free , 517 ,dereference failure: invalid pointer
 ssh/sharing.c, ssh_connection_sharing_init, ssh_connection_sharing_init , 2091 ,dereference failure: invalid pointer
 ssh/sharing.c, ssh_connshare_provide_connlayer, ssh_connshare_provide_connlayer , 2051 ,dereference failure: invalid pointer
 ssh/bpp-bare.c, ssh2_bare_bpp_format_packet, ssh2_bare_bpp_format_packet , 176 ,dereference failure: invalid pointer
 ssh/bpp-bare.c, ssh2_bare_bpp_handle_output, ssh2_bare_bpp_format_packet , 181 ,dereference failure: invalid pointer
 ssh/bpp-bare.c, ssh2_bare_bpp_new_pktout, ssh2_bare_bpp_new_pktout , 166 ,dereference failure: invalid pointer
 ssh/connection2-server.c, ssh2channel_send_exit_signal, ssh2channel_send_exit_signal , 237 ,dereference failure: invalid pointer
 ssh/connection2-server.c, ssh2channel_send_exit_signal_numeric, ssh2channel_send_exit_signal_numeric , 252 ,dereference failure: invalid pointer
 ssh/kex2-server.c, finalise_and_sign_exhash, ssh_key_sign , 907 ,dereference failure: invalid pointer
 ssh/connection2-client.c, ssh2_connection_need_antispoof_prompt, ssh2_connection_need_antispoof_prompt , 503 ,dereference failure: invalid pointer
 ssh/connection2-client.c, ssh2channel_request_x11_forwarding, ssh2channel_request_x11_forwarding , 402 ,dereference failure: invalid pointer
 ssh/connection2-client.c, ssh2channel_send_signal, ssh2channel_send_signal , 478 ,dereference failure: invalid pointer
 ssh/connection2-client.c, ssh2channel_send_terminal_size_change, ssh2channel_send_terminal_size_change , 491 ,dereference failure: invalid pointer
 ssh/connection2-client.c, ssh2channel_start_command, ssh2channel_start_command , 358 ,dereference failure: invalid pointer
 ssh/connection2-client.c, ssh2channel_start_subsystem, ssh2channel_start_subsystem , 370 ,dereference failure: invalid pointer
 ssh/mainchan.c, mainchan_get_specials, mainchan_get_specials , 472 ,dereference failure: invalid pointer
 ssh/mainchan.c, mainchan_log_exit_signal_common, mainchan_log_exit_signal_common , 409 ,dereference failure: invalid pointer
 ssh/mainchan.c, mainchan_terminal_size, mainchan_terminal_size , 534 ,dereference failure: invalid pointer
 ssh/connection1.c, ssh1_add_x11_display, ssh1_add_x11_display , 636 ,dereference failure: invalid pointer
 ssh/connection1.c, ssh1_agent_forwarding_permitted, ssh1_agent_forwarding_permitted , 682 ,dereference failure: invalid pointer
 ssh/connection1.c, ssh1_channel_init, ssh1_channel_init , 556 ,dereference failure: invalid pointer
 ssh/connection1.c, ssh1_connection_new, ssh1_connection_new , 145 ,dereference failure: invalid pointer
 ssh/connection1.c, ssh1_connection_reconfigure, ssh1_connection_reconfigure , 806 ,dereference failure: invalid pointer
 ssh/connection1.c, ssh1_connection_special_cmd, ssh1_connection_special_cmd , 698 ,dereference failure: invalid pointer
 ssh/connection1.c, ssh1_enable_x_fwd, ssh1_enable_x_fwd , 762 ,dereference failure: invalid pointer
 ssh/connection1.c, ssh1_get_wants_user_input, ssh1_get_wants_user_input , 781 ,dereference failure: invalid pointer
 ssh/connection1.c, ssh1_set_ldisc_option, ssh1_set_ldisc_option , 754 ,dereference failure: invalid pointer
 ssh/connection1.c, ssh1channel_get_conf, ssh1channel_get_conf , 569 ,dereference failure: invalid pointer
 ssh/connection1.c, ssh1channel_unthrottle, ssh1channel_unthrottle , 600 ,dereference failure: invalid pointer
 ssh/connection1.c, ssh1channel_write_eof, ssh1channel_write_eof , 577 ,dereference failure: invalid pointer
 ssh/x11fwd.c, x11_free_fake_auth, x11_free_fake_auth , 130 ,dereference failure: invalid pointer
 ssh/scpserver.c, scp_error_send_message_cb, scp_error_send_message_cb , 1310 ,dereference failure: invalid pointer
 ssh/scpserver.c, scp_reply_full_name, scp_reply_full_name , 296 ,dereference failure: invalid pointer
 ssh/scpserver.c, scp_reply_name_count, scp_reply_name_count , 287 ,dereference failure: invalid pointer
 ssh/scpserver.c, scp_reply_setup, scp_reply_setup , 351 ,dereference failure: invalid pointer
 ssh/scpserver.c, scp_sink_eof, scp_sink_eof , 1276 ,dereference failure: invalid pointer
 ssh/scpserver.c, scp_sink_free, scp_sink_pop , 997 ,dereference failure: invalid pointer
 ssh/scpserver.c, scp_sink_pop, scp_sink_pop , 996 ,dereference failure: invalid pointer
 ssh/scpserver.c, scp_sink_send, scp_sink_send , 1265 ,dereference failure: invalid pointer
 ssh/scpserver.c, scp_source_free, scp_source_free , 523 ,dereference failure: invalid pointer
 ssh/zlib.c, zlib_compress_cleanup, zlib_compress_cleanup , 599 ,dereference failure: invalid pointer
 ssh/zlib.c, zlib_decompress_cleanup, zlib_freetable , 826 ,dereference failure: invalid pointer
 ssh/zlib.c, zlib_emit_char, zlib_emit_char , 981 ,dereference failure: invalid pointer
 ssh/zlib.c, zlib_huflookup, zlib_huflookup , 950 ,dereference failure: invalid pointer
 ssh/zlib.c, zlib_mkonetab, zlib_mkonetab , 732 ,dereference failure: invalid pointer
 otherbackends/telnet.c, do_telnet_read, do_telnet_read , 520 ,dereference failure: invalid pointer
 otherbackends/telnet.c, log_option, log_option , 223 ,dereference failure: invalid pointer
 otherbackends/telnet.c, telnet_description, telnet_description , 691 ,dereference failure: invalid pointer
 otherbackends/telnet.c, telnet_exitcode, telnet_exitcode , 1085 ,dereference failure: invalid pointer
 otherbackends/telnet.c, telnet_get_seat, telnet_get_seat , 703 ,dereference failure: invalid pointer
 otherbackends/telnet.c, telnet_ldisc, telnet_ldisc , 1072 ,dereference failure: invalid pointer
 otherbackends/telnet.c, telnet_logpolicy, telnet_logpolicy , 697 ,dereference failure: invalid pointer
 otherbackends/telnet.c, telnet_provide_ldisc, telnet_provide_ldisc , 1079 ,dereference failure: invalid pointer
 otherbackends/telnet.c, telnet_receive, telnet_receive , 670 ,dereference failure: invalid pointer
 otherbackends/telnet.c, telnet_reconfig, telnet_reconfig , 860 ,dereference failure: invalid pointer
 otherbackends/telnet.c, telnet_send, telnet_send , 878 ,dereference failure: invalid pointer
 otherbackends/telnet.c, telnet_sendbuffer, telnet_sendbuffer , 904 ,dereference failure: invalid pointer
 otherbackends/telnet.c, telnet_sendok, telnet_sendok , 1057 ,dereference failure: invalid pointer
 otherbackends/telnet.c, telnet_size, telnet_size , 916 ,dereference failure: invalid pointer
 otherbackends/telnet.c, telnet_unthrottle, telnet_unthrottle , 1063 ,dereference failure: invalid pointer
 otherbackends/raw.c, raw_init, raw_init , 207 ,dereference failure: invalid pointer
 otherbackends/raw.c, raw_sendok, raw_sendok , 314 ,dereference failure: invalid pointer
 otherbackends/raw.c, raw_unthrottle, raw_unthrottle , 320 ,dereference failure: invalid pointer
 otherbackends/supdup.c, do_args, do_args , 259 ,dereference failure: invalid pointer
 otherbackends/supdup.c, do_supdup_read, do_supdup_read , 515 ,dereference failure: invalid pointer
 otherbackends/supdup.c, print_waits, print_waits , 194 ,array bounds violated: array `map' lower bound
 otherbackends/supdup.c, supdup_connected, supdup_connected , 909 ,dereference failure: invalid pointer
 otherbackends/supdup.c, supdup_description, supdup_description , 645 ,dereference failure: invalid pointer
 otherbackends/supdup.c, supdup_set_seat, supdup_set_seat , 663 ,dereference failure: invalid pointer
 otherbackends/supdup.c, supdup_size, supdup_size , 885 ,dereference failure: invalid pointer
 otherbackends/supdup.c, supdup_unthrottle, supdup_unthrottle , 921 ,dereference failure: invalid pointer
 otherbackends/supdup.c, term_out_supdup, term_out_supdup , 496 ,dereference failure: invalid pointer
 otherbackends/rlogin.c, rlogin_description, rlogin_description , 212 ,dereference failure: invalid pointer
 otherbackends/rlogin.c, rlogin_exitcode, rlogin_exitcode , 458 ,dereference failure: invalid pointer
 otherbackends/rlogin.c, rlogin_logpolicy, rlogin_logpolicy , 218 ,dereference failure: invalid pointer
 otherbackends/rlogin.c, rlogin_provide_ldisc, rlogin_provide_ldisc , 452 ,dereference failure: invalid pointer
 otherbackends/rlogin.c, rlogin_sendbuffer, rlogin_sendbuffer , 378 ,dereference failure: invalid pointer
 windows/utils/split_into_argv.c, split_into_argv, split_into_argv , 177 ,dereference failure: invalid pointer
 windows/utils/filename.c, filename_from_str, filename_from_str , 10 ,dereference failure: invalid pointer
 keygen/rsa.c, generate_rsa_prime, progress_report_phase_complete , 229 ,dereference failure: invalid pointer
 keygen/prime.c, provableprime_free_context, provableprime_free_context , 157 ,dereference failure: invalid pointer
 keygen/prime.c, provableprime_generate, provableprime_generate_inner , 547 ,dereference failure: invalid pointer
 keygen/primecandidate.c, pcs_get_bits, pcs_get_bits , 425 ,dereference failure: invalid pointer
 keygen/primecandidate.c, pcs_get_bits_remaining, pcs_get_bits_remaining , 430 ,dereference failure: invalid pointer
 keygen/primecandidate.c, pcs_get_upper_bound, pcs_get_upper_bound , 436 ,dereference failure: invalid pointer
 keygen/primecandidate.c, pcs_inspect, pcs_inspect , 419 ,dereference failure: invalid pointer
 keygen/primecandidate.c, pcs_ready, pcs_ready , 274 ,dereference failure: invalid pointer
 keygen/pockle.c, pockle_mpu, pockle_mpu , 406 ,dereference failure: invalid pointer
 keygen/pockle.c, ppr_find, ppr_find , 37 ,dereference failure: invalid pointer
 keygen/ecdsa.c, eddsa_generate, eddsa_generate , 454 ,dereference failure: invalid pointer
 contrib/cygtermd/telnet.c, proc_rec_opt, proc_rec_opt , 276 ,dereference failure: invalid pointer
 contrib/cygtermd/telnet.c, telnet_free, telnet_free , 531 ,dereference failure: invalid pointer
 contrib/cygtermd/telnet.c, telnet_new, telnet_new , 499 ,dereference failure: invalid pointer
 contrib/cygtermd/telnet.c, telnet_shell_ok, telnet_shell_ok , 562 ,dereference failure: invalid pointer
 contrib/cygtermd/sel.c, bufchain_prefix, bufchain_prefix , 121 ,dereference failure: invalid pointer
 contrib/cygtermd/sel.c, sel_rfd_freeze, sel_rfd_freeze , 231 ,dereference failure: invalid pointer
 terminal/bidi.c, change_al_to_r, change_al_to_r , 3100 ,dereference failure: invalid pointer
 terminal/bidi.c, change_en_to_an, change_en_to_an , 3084 ,dereference failure: invalid pointer
 terminal/bidi.c, change_en_to_l, change_en_to_l , 3234 ,dereference failure: invalid pointer
 terminal/bidi.c, do_bidi, do_bidi , 3606 ,dereference failure: invalid pointer
 terminal/bidi.c, do_bidi_new, ensure_arrays , 2560 ,dereference failure: invalid pointer
 terminal/bidi.c, do_bidi_test, do_bidi_test , 3596 ,dereference failure: invalid pointer
 terminal/bidi.c, do_shape, do_shape , 2466 ,array bounds violated: array `shapetypes' upper bound
 terminal/bidi.c, eliminate_et_next_to_en, eliminate_et_next_to_en , 3145 ,dereference failure: invalid pointer
 terminal/bidi.c, eliminate_separators_and_terminators, eliminate_separators_and_terminators , 3192 ,dereference failure: invalid pointer
 terminal/bidi.c, eliminate_separators_between_numbers, eliminate_separators_between_numbers , 3118 ,dereference failure: invalid pointer
 terminal/bidi.c, find_bracket_pairs, find_bracket_pairs , 3251 ,dereference failure: invalid pointer
 terminal/bidi.c, find_isolating_run_sequences, find_isolating_run_sequences , 2934 ,dereference failure: invalid pointer
 terminal/bidi.c, find_matching_pdi, find_matching_pdi , 2603 ,dereference failure: invalid pointer
 terminal/bidi.c, get_bracket_type, get_bracket_type , 3322 ,dereference failure: invalid pointer
 terminal/bidi.c, mirror_glyphs, mirror_glyphs , 3534 ,dereference failure: invalid pointer
 terminal/bidi.c, process_isolating_run_sequence, remove_nsm , 3055 ,dereference failure: invalid pointer
 terminal/bidi.c, remove_embedding_characters, remove_embedding_characters , 2855 ,dereference failure: invalid pointer
 terminal/bidi.c, remove_ni, remove_ni , 3404 ,dereference failure: invalid pointer
 terminal/bidi.c, remove_nsm, remove_nsm , 3060 ,dereference failure: invalid pointer
 terminal/bidi.c, reset_bracket_type, reset_bracket_type , 3373 ,dereference failure: invalid pointer
 terminal/bidi.c, reset_whitespace_and_separators, reset_whitespace_and_separators , 3483 ,dereference failure: invalid pointer
 terminal/bidi.c, resolve_brackets, resolve_brackets , 3378 ,dereference failure: invalid pointer
 terminal/bidi.c, resolve_implicit_levels, resolve_implicit_levels , 3435 ,dereference failure: invalid pointer
 terminal/bidi.c, reverse, reverse , 3517 ,dereference failure: invalid pointer
 terminal/bidi.c, reverse_sequences, reverse_sequences , 3546 ,dereference failure: invalid pointer
 terminal/bidi.c, rule_p2_p3, rule_p2_p3 , 2627 ,dereference failure: invalid pointer
 terminal/bidi.c, set_paragraph_level, set_paragraph_level , 2639 ,dereference failure: invalid pointer
 terminal/bidi.c, setup_types, setup_types , 2577 ,dereference failure: invalid pointer
 terminal/bidi.c, text_needs_bidi, text_needs_bidi , 2590 ,dereference failure: invalid pointer
 terminal/bidi_test.c, main, main , 321 ,dereference failure: array bounds violated
 terminal/terminal.c, check_selection, check_selection , 2515 ,dereference failure: invalid pointer
 terminal/terminal.c, check_trust_status, check_trust_status , 2529 ,dereference failure: invalid pointer
 terminal/terminal.c, clear_line, resizeline , 998 ,dereference failure: invalid pointer
 terminal/terminal.c, clip_addchar, clip_addchar , 6428 ,dereference failure: invalid pointer
 terminal/terminal.c, deselect, deselect , 7653 ,dereference failure: invalid pointer
 terminal/terminal.c, do_osc, do_osc , 3129 ,dereference failure: invalid pointer
 terminal/terminal.c, do_paint_draw, win_draw_cursor , 1736 ,dereference failure: invalid pointer
 terminal/terminal.c, find_last_nonempty_line, find_last_nonempty_line , 2350 ,dereference failure: invalid pointer
 terminal/terminal.c, format_arrow_key, format_arrow_key , 7365 ,dereference failure: invalid pointer
 terminal/terminal.c, format_function_key, format_function_key , 7424 function format_,dereference failure: invalid pointer
 terminal/terminal.c, format_numeric_keypad_key, format_numeric_keypad_key , 7543 ,dereference failure: invalid pointer
 terminal/terminal.c, format_small_keypad_key, format_small_keypad_key , 7499 ,dereference failure: invalid pointer
 terminal/terminal.c, line_cols, line_cols , 6793 ,dereference failure: invalid pointer
 terminal/terminal.c, makeliteral_attr, makeliteral_attr , 619 ,dereference failure: invalid pointer
 terminal/terminal.c, makeliteral_chr, makeliteral_chr , 583 ,dereference failure: invalid pointer
 terminal/terminal.c, move, move , 2684 ,dereference failure: invalid pointer
 terminal/terminal.c, null_line_error, null_line_error , 1095 ,dereference failure: invalid pointer
 terminal/terminal.c, palette_rebuild, palette_rebuild , 1824 ,dereference failure: invalid pointer
 terminal/terminal.c, palette_reset, palette_reset , 1885 ,dereference failure: invalid pointer
 terminal/terminal.c, parse_optionalrgb, parse_optionalrgb , 5644 ,dereference failure: invalid pointer
 terminal/terminal.c, power_on, power_on , 1328 ,dereference failure: invalid pointer
 terminal/terminal.c, save_cursor, save_cursor , 2718 ,dereference failure: invalid pointer
 terminal/terminal.c, sblines, sblines , 1073 ,dereference failure: invalid pointer
 terminal/terminal.c, seen_disp_event, seen_disp_event , 1252 ,dereference failure: invalid pointer
 terminal/terminal.c, set_erase_char, set_erase_char , 1526 ,dereference failure: invalid pointer
 terminal/terminal.c, shift_bitmap, shift_bitmap , 7356 ,dereference failure: invalid pointer
 terminal/terminal.c, signal_prompts_t, signal_prompts_t , 7740 ,dereference failure: invalid pointer
 terminal/terminal.c, term_bidi_cache_hit, term_bidi_cache_hit , 5676 ,dereference failure: invalid pointer
 terminal/terminal.c, term_bidi_line, term_bidi_line , 5757 ,dereference failure: invalid pointer
 terminal/terminal.c, term_bracketed_paste_start, term_bracketed_paste_start , 3448 ,dereference failure: invalid pointer
 terminal/terminal.c, term_bracketed_paste_stop, term_bracketed_paste_stop , 3455 ,dereference failure: invalid pointer
 terminal/terminal.c, term_free, term_free , 2071 ,dereference failure: invalid pointer
 terminal/terminal.c, term_get_cursor_position, term_get_cursor_position , 2131 ,dereference failure: invalid pointer
 terminal/terminal.c, term_input_data_from_charset, term_input_data_from_unicode , 3418 ,dereference failure: invalid pointer
 terminal/terminal.c, term_invalidate, term_invalidate , 6325 ,dereference failure: invalid pointer
 terminal/terminal.c, term_nopaste, term_nopaste , 7643 ,dereference failure: invalid pointer
 terminal/terminal.c, term_notify_minimised, term_notify_minimised , 7892 ,dereference failure: invalid pointer
 terminal/terminal.c, term_notify_window_pos, term_notify_window_pos , 7902 ,dereference failure: invalid pointer
 terminal/terminal.c, term_notify_window_size_pixels, term_notify_window_size_pixels , 7908 ,dereference failure: invalid pointer
 terminal/terminal.c, term_palette_override, term_palette_override , 1942 ,dereference failure: invalid pointer
 terminal/terminal.c, term_print_finish, term_print_finish , 3202 ,dereference failure: invalid pointer
 terminal/terminal.c, term_print_flush, term_print_flush , 3193 ,dereference failure: invalid pointer
 terminal/terminal.c, term_print_setup, term_print_setup , 3184 ,dereference failure: invalid pointer
 terminal/terminal.c, term_provide_logctx, term_provide_logctx , 7693 ,dereference failure: invalid pointer
 terminal/terminal.c, term_reconfig, term_reconfig , 1639 ,dereference failure: invalid pointer
 terminal/terminal.c, term_request_paste, win_clip_request_paste , 1758 ,dereference failure: invalid pointer
 terminal/terminal.c, term_request_resize, term_request_resize , 2985 ,dereference failure: invalid pointer
 terminal/terminal.c, term_schedule_cblink, term_schedule_cblink , 1277 ,dereference failure: invalid pointer
 terminal/terminal.c, term_schedule_update, term_schedule_update , 1240 ,dereference failure: invalid pointer
 terminal/terminal.c, term_schedule_vbell, term_schedule_vbell , 1312 ,dereference failure: invalid pointer
 terminal/terminal.c, term_seen_key_event, term_seen_key_event , 1493 ,dereference failure: invalid pointer
 terminal/terminal.c, term_set_focus, term_set_focus , 7698 ,dereference failure: invalid pointer
 terminal/terminal.c, term_set_trust_status, term_set_trust_status , 2126 ,dereference failure: invalid pointer
 terminal/terminal.c, term_setup_window_titles, term_setup_window_titles , 1802 ,dereference failure: invalid pointer
 terminal/terminal.c, termchars_equal, termchars_equal_override , 348 ,dereference failure: invalid pointer
 terminal/terminal.c, unlineptr, unlineptr , 133 ,dereference failure: invalid pointer
 terminal/terminal.c, wordtype, wordtype , 6769 ,dereference failure: invalid pointer
